id,nombre,descripcion,competencia_id,orden,activo,created_at,updated_at
0068f63c-52df-4a20-a87a-8426cd1b921c,Utiliza recursos no verbales y paraverbales de forma estratégica,,sec-ing-1,4,true,2025-10-30 03:42:39.216254+00,2025-10-30 03:42:39.216254+00
015d1153-d9c2-47c1-8c9d-bb72d5e235d1,Se valora a sí mismo,,sec-dpcc-1,1,true,2025-10-30 03:42:39.216254+00,2025-10-30 03:42:39.216254+00
047801ee-1326-4a5e-85f4-a65f61ab30b5,Comprende su cuerpo,,pri-psico-1,1,true,2025-10-30 03:42:23.957308+00,2025-10-30 03:42:23.957308+00
091265c9-911b-494e-89da-157e7f6c8e23,Aplica procesos creativos,,sec-ac-2,2,true,2025-10-30 03:42:39.216254+00,2025-10-30 03:42:39.216254+00
09438267-528e-4cfe-9ec9-ed6e8fb90655,"Conoce a Dios y asume su identidad religiosa y espiritual como persona digna, libre y trascendente",,sec-er-1,1,true,2025-10-30 03:42:39.216254+00,2025-10-30 03:42:39.216254+00
0a02b890-8713-4f73-9da6-79e2ef49b350,"Reflexiona y evalúa la forma, el contenido y el contexto del texto oral",,sec-ing-1,6,true,2025-10-30 03:42:39.216254+00,2025-10-30 03:42:39.216254+00
0c27f974-e47b-44ff-8279-91857d20892c,Obtiene información del texto oral,,sec-cast-1,1,true,2025-10-30 03:42:39.216254+00,2025-10-30 03:42:39.216254+00
0f7dc67e-42a3-4afb-bc38-6202799237a9,Determina una alternativa de solución tecnológica,,sec-cyt-3,1,true,2025-10-30 03:42:39.216254+00,2025-10-30 03:42:39.216254+00
0fd51c7b-3ba7-446c-b63e-afd60395089a,Obtiene información del texto escrito,,pri-com-2,1,true,2025-10-30 03:42:23.957308+00,2025-10-30 03:42:23.957308+00
1039c694-e5d6-4924-8e63-1f2e1f48fc62,"Adecúa, organiza y desarrolla las ideas de forma coherente y cohesionada",,pri-com-1,3,true,2025-10-30 03:42:23.957308+00,2025-10-30 03:42:23.957308+00
121ecf15-f3c5-42e1-9434-a6d775c6a0e8,Interactúa con todas las personas,,pri-ps-2,1,true,2025-10-30 03:42:23.957308+00,2025-10-30 03:42:23.957308+00
12730e4f-c1a9-430c-b0b7-804eb4993b99,"Reflexiona y evalúa la forma, el contenido y el contexto del texto escrito",,sec-ing-2,3,true,2025-10-30 03:42:39.216254+00,2025-10-30 03:42:39.216254+00
1290b7c8-b4b5-4475-a951-75bcefb11f9a,Interactúa con todas las personas,,sec-dpcc-2,1,true,2025-10-30 03:42:39.216254+00,2025-10-30 03:42:39.216254+00
14041c8d-9d4c-428d-94fc-0728df8f05ba,Usa estrategias y procedimientos para recopilar y procesar datos,,sec-mat-4,3,true,2025-10-30 03:42:39.216254+00,2025-10-30 03:42:39.216254+00
141bb745-0345-412a-acce-0d25ce81f246,Crea propuestas de valor,,sec-et-1,1,true,2025-10-30 03:42:39.216254+00,2025-10-30 03:42:39.216254+00
14c1edc2-d334-4c23-9977-6e20889b66ac,Utiliza recursos no verbales y paraverbales de forma estratégica,,pri-ing-1,4,true,2025-10-30 03:42:23.957308+00,2025-10-30 03:42:23.957308+00
15bf1a75-6be3-4db7-b07c-116bfe0ec8b8,"Reflexiona y evalúa la forma, el contenido y contexto del texto oral",,sec-com-1,6,true,2025-10-30 03:42:39.216254+00,2025-10-30 03:42:39.216254+00
16e30742-bf1d-41ad-aa63-998e3a4e3b23,"Reflexiona y evalúa la forma, el contenido y contexto del texto oral",,sec-cast-1,6,true,2025-10-30 03:42:39.216254+00,2025-10-30 03:42:39.216254+00
18b87f1f-e711-4ce9-ae53-cdaabdb31fb8,"Comprende las relaciones entre la actividad física, alimentación, postura e higiene personal y del ambiente, y la salud",,pri-ef-2,1,true,2025-10-30 03:42:23.957308+00,2025-10-30 03:42:23.957308+00
18e9e24e-0a55-488d-a2fc-32c05eca0f55,Interactúa estratégicamente con distintos interlocutores,,pri-ing-1,5,true,2025-10-30 03:42:23.957308+00,2025-10-30 03:42:23.957308+00
19538108-3b12-4046-8995-f6719264f914,Usa estrategias y procedimientos para recopilar y procesar datos,,pri-mat-4,3,true,2025-10-30 03:42:23.957308+00,2025-10-30 03:42:23.957308+00
1a47149e-d0e5-45e2-afc0-be2869901248,Argumenta afirmaciones sobre las relaciones numéricas y las operaciones,,sec-mat-1,4,true,2025-10-30 03:42:39.216254+00,2025-10-30 03:42:39.216254+00
1a53e901-fd95-4b6a-9c77-087d16a3309a,Organiza y desarrolla las ideas de forma coherente y cohesionada,,pri-com-3,2,true,2025-10-30 03:42:23.957308+00,2025-10-30 03:42:23.957308+00
1a590193-f7cc-4620-b8d4-aecff89cd78a,Utiliza convenciones del lenguaje escrito de forma pertinente,,sec-ing-3,3,true,2025-10-30 03:42:39.216254+00,2025-10-30 03:42:39.216254+00
1a9c9220-dd21-48df-9251-591be17e6ead,Diseña estrategias para hacer indagación,,pri-cyt-1,2,true,2025-10-30 03:42:23.957308+00,2025-10-30 03:42:23.957308+00
1abd6503-50b4-4140-9181-329a9a381d61,Evalúa las implicancias del saber y del quehacer científico y tecnológico,,pri-cyt-2,2,true,2025-10-30 03:42:23.957308+00,2025-10-30 03:42:23.957308+00
1c38b0fc-b1bd-4e0a-aa15-700ca7136750,Se valora a sí mismo,,ini-ps-1,1,true,2025-10-30 03:42:08.263279+00,2025-10-30 03:42:08.263279+00
1c8c9952-97c5-4d62-8c1b-a609b527768f,Analiza datos e información,,ini-cyt-1,4,true,2025-10-30 03:42:08.263279+00,2025-10-30 03:42:08.263279+00
1d33575c-fab3-46c2-b838-26bb2922303d,Adecúa el texto a la situación comunicativa,,pri-cast-3,1,true,2025-10-30 03:42:23.957308+00,2025-10-30 03:42:23.957308+00
1ef1389a-bbd9-41fc-af40-c99e5451cef3,Representa datos con gráficos y medidas estadísticas o probabilísticas,,pri-mat-4,1,true,2025-10-30 03:42:23.957308+00,2025-10-30 03:42:23.957308+00
1fd4cced-56e4-4672-8c84-74d92df067d7,Percibe manifestaciones artístico-culturales,,pri-ac-1,1,true,2025-10-30 03:42:23.957308+00,2025-10-30 03:42:23.957308+00
20847286-310c-425d-a472-67143833a6c6,Argumenta afirmaciones sobre relaciones de cambio y equivalencia,,sec-mat-2,4,true,2025-10-30 03:42:39.216254+00,2025-10-30 03:42:39.216254+00
20c20304-99cb-4d21-99ed-e2568f6835c5,Transforma su entorno desde el encuentro personal y comunitario con Dios y desde la fe que profesa,,pri-er-2,1,true,2025-10-30 03:42:23.957308+00,2025-10-30 03:42:23.957308+00
222ad129-01e8-498f-8bc6-5c45f554d089,Usa estrategias y procedimientos para medir y orientarse en el espacio,,sec-mat-3,3,true,2025-10-30 03:42:39.216254+00,2025-10-30 03:42:39.216254+00
22e08407-875f-4b31-ba4e-235ff8acdf11,"Reflexiona y evalúa la forma, el contenido y contexto del texto",,sec-com-2,3,true,2025-10-30 03:42:39.216254+00,2025-10-30 03:42:39.216254+00
27e69619-37dd-4c85-90af-a4e8c8edca72,Determina una alternativa de solución tecnológica,,pri-cyt-3,1,true,2025-10-30 03:42:23.957308+00,2025-10-30 03:42:23.957308+00
2ad885fd-5b34-4e82-bf49-2f6f9319dd2c,Modela objetos con formas geométricas y sus transformaciones,,ini-mat-2,1,true,2025-10-30 03:42:08.263279+00,2025-10-30 03:42:08.263279+00
2b05db55-2b31-465c-9cf7-89c5b316050e,"Reflexiona y evalúa la forma, el contenido y contexto del texto escrito",,sec-cast-2,3,true,2025-10-30 03:42:39.216254+00,2025-10-30 03:42:39.216254+00
2b929ef3-3f16-4185-9ca2-3f2afed98159,Autorregula sus emociones,,sec-dpcc-1,2,true,2025-10-30 03:42:39.216254+00,2025-10-30 03:42:39.216254+00
2d4c9369-b0a2-4197-ac10-0b7f33593e16,Usa estrategias y procedimientos para orientarse en el espacio,,ini-mat-2,3,true,2025-10-30 03:42:08.263279+00,2025-10-30 03:42:08.263279+00
30b06e0f-001d-4ea7-8468-e8ea1d10bf15,Interactúa estratégicamente con distintos interlocutores,,sec-com-1,5,true,2025-10-30 03:42:39.216254+00,2025-10-30 03:42:39.216254+00
30fc5264-2225-463a-8a89-47dd894dbdc3,Personaliza entornos virtuales,,ct-tic,1,true,2025-10-30 03:42:56.202508+00,2025-10-30 03:42:56.202508+00
3216ee58-b31c-4409-9f93-577c64850ed1,Genera acciones para conservar el ambiente local y global,,sec-cs-2,3,true,2025-10-30 03:42:39.216254+00,2025-10-30 03:42:39.216254+00
327ad00b-639d-4444-9a20-e2bd49db5c0d,Comunica su comprensión de los conceptos estadísticos y probabilísticos,,pri-mat-4,2,true,2025-10-30 03:42:23.957308+00,2025-10-30 03:42:23.957308+00
337ee253-67d9-4e87-8277-7e1eaa0acdfe,Obtiene información del texto escrito,,ini-com-2,1,true,2025-10-30 03:42:08.263279+00,2025-10-30 03:42:08.263279+00
34f3c60f-b183-4c2b-8212-cb9da28d5d47,Evalúa y comunica el funcionamiento y los impactos de su alternativa de solución tecnológica,,pri-cyt-3,4,true,2025-10-30 03:42:23.957308+00,2025-10-30 03:42:23.957308+00
351f2e04-8b05-4a9c-a811-1a8fd75932b9,Cultiva y valora las manifestaciones religiosas de su entorno argumentando su fe de manera comprensible y respetuosa,,pri-ps-3,2,true,2025-10-30 03:42:23.957308+00,2025-10-30 03:42:23.957308+00
35444dc3-e8d3-4675-9b62-9c24ebc2eb70,Infiere e interpreta información del texto escrito,,sec-ing-2,2,true,2025-10-30 03:42:39.216254+00,2025-10-30 03:42:39.216254+00
355884de-fad9-4e3e-b3d9-67c471066951,Se expresa corporalmente,,pri-psico-1,2,true,2025-10-30 03:42:23.957308+00,2025-10-30 03:42:23.957308+00
3595a791-da44-4920-b0e0-c7c159a4941d,Diseña la alternativa de solución tecnológica,,sec-cyt-3,2,true,2025-10-30 03:42:39.216254+00,2025-10-30 03:42:39.216254+00
35fbe3bc-8b90-44be-a5f9-e66acfd64553,Participa en acciones que promueven el bienestar común,,ini-ps-2,3,true,2025-10-30 03:42:08.263279+00,2025-10-30 03:42:08.263279+00
36a1f3c6-6eae-4a2c-a311-55eccc6d38bf,Traduce cantidades a expresiones numéricas,,pri-mat-1,1,true,2025-10-30 03:42:23.957308+00,2025-10-30 03:42:23.957308+00
37530536-d7c8-4d95-b7a3-82da7c3411f5,Genera y registra datos e información,,pri-cyt-1,3,true,2025-10-30 03:42:23.957308+00,2025-10-30 03:42:23.957308+00
3770f2fe-b472-41d4-902d-3a8c20de4101,Se expresa corporalmente,,pri-ef-1,2,true,2025-10-30 03:42:23.957308+00,2025-10-30 03:42:23.957308+00
380e550f-7fc2-4df7-8b36-33ebbdbc187c,Obtiene información del texto escrito,,pri-ing-2,1,true,2025-10-30 03:42:23.957308+00,2025-10-30 03:42:23.957308+00
3814b81c-1141-4fec-b9d6-0753cb84d5d2,"Conoce a Dios y asume su identidad religiosa y espiritual como persona digna, libre y trascendente",,pri-ps-3,1,true,2025-10-30 03:42:23.957308+00,2025-10-30 03:42:23.957308+00
388c0baf-8e9f-4048-baf4-f737c502b238,Comunica su comprensión sobre los números y las operaciones,,pri-mat-1,2,true,2025-10-30 03:42:23.957308+00,2025-10-30 03:42:23.957308+00
38a5b7a9-6bc8-46b2-88c7-e6699c768c8e,Cultiva y valora las manifestaciones religiosas de su entorno argumentando su fe de manera comprensible y respetuosa,,ini-ps-3,2,true,2025-10-30 03:42:08.263279+00,2025-10-30 03:42:08.263279+00
3a268e85-f2d7-473d-8ad5-544e42a36a7c,Implementa y valida la alternativa de solución tecnológica,,pri-cyt-3,3,true,2025-10-30 03:42:23.957308+00,2025-10-30 03:42:23.957308+00
3b5ac9b1-03f5-4259-a63d-c20c599e8966,Se expresa corporalmente,,sec-ef-1,2,true,2025-10-30 03:42:39.216254+00,2025-10-30 03:42:39.216254+00
3c1c4458-9891-42b9-b6c1-6517c60ce265,Interactúa estratégicamente con distintos interlocutores,,sec-ing-1,5,true,2025-10-30 03:42:39.216254+00,2025-10-30 03:42:39.216254+00
3cad0e45-eae1-468a-8682-f9226f2a953b,Utiliza convenciones del lenguaje escrito de forma pertinente,,ini-com-3,3,true,2025-10-30 03:42:08.263279+00,2025-10-30 03:42:08.263279+00
3e18d9d9-4e1a-4087-9a91-118883136ba7,"Reflexiona y evalúa la forma, el contenido y contexto del texto escrito",,pri-com-3,4,true,2025-10-30 03:42:23.957308+00,2025-10-30 03:42:23.957308+00
3e76c3a8-b177-498e-b670-7782c31ebd1c,"Reflexiona y evalúa la forma, el contenido y contexto del texto escrito",,pri-cast-2,3,true,2025-10-30 03:42:23.957308+00,2025-10-30 03:42:23.957308+00
403e2103-eb2a-491e-87b3-aa6622b5cbe2,Infiere e interpreta información del texto oral,,ini-com-1,2,true,2025-10-30 03:42:08.263279+00,2025-10-30 03:42:08.263279+00
411fab97-2827-435e-9600-eebed3592697,Evalúa y comunica sus procesos y proyectos,,sec-ac-2,3,true,2025-10-30 03:42:39.216254+00,2025-10-30 03:42:39.216254+00
41701d15-5376-4772-b8dc-0dda5490c9dc,"Construye normas, y asume acuerdos y leyes",,ini-ps-2,2,true,2025-10-30 03:42:08.263279+00,2025-10-30 03:42:08.263279+00
4206a148-a954-4863-b953-c7454f18f823,"Conoce a Dios y asume su identidad religiosa y espiritual como persona digna, libre y trascendente",,pri-er-1,1,true,2025-10-30 03:42:23.957308+00,2025-10-30 03:42:23.957308+00
42d054cd-bc4d-41f4-a083-90288508b47a,Crea y aplica estrategias y tácticas de juego,,pri-ef-3,2,true,2025-10-30 03:42:23.957308+00,2025-10-30 03:42:23.957308+00
4340eacd-b1b3-4a04-9ba9-87a429d2651c,Evalúa y comunica el proceso y resultados de su indagación: identificar y dar a conocer las dificultades técnicas y los conocimientos logrados para cuestionar el grado de satisfacción que la respuesta da a la pregunta de indagación,,sec-cyt-1,5,true,2025-10-30 03:42:39.216254+00,2025-10-30 03:42:39.216254+00
43c8696c-c5d7-477b-853b-0a0bfcc83482,Incorpora prácticas que mejoran su calidad de vida,,pri-ef-2,2,true,2025-10-30 03:42:23.957308+00,2025-10-30 03:42:23.957308+00
4603d2de-3fc7-48e1-8dd0-c84d207e88b7,Interactúa con todas las personas,,ini-ps-2,1,true,2025-10-30 03:42:08.263279+00,2025-10-30 03:42:08.263279+00
47218238-0796-4030-96a4-a6c3a6a8f70c,Adecúa el texto a la situación comunicativa,,sec-ing-3,1,true,2025-10-30 03:42:39.216254+00,2025-10-30 03:42:39.216254+00
478642a4-e9ee-4688-9c06-cc893b20e66a,Utiliza recursos no verbales y paraverbales de forma estratégica,,ini-com-1,4,true,2025-10-30 03:42:08.263279+00,2025-10-30 03:42:08.263279+00
47babbf4-3887-4a13-93a1-81455c8daf43,"Reflexiona y evalúa la forma, el contenido y el contexto del texto oral",,pri-ing-1,6,true,2025-10-30 03:42:23.957308+00,2025-10-30 03:42:23.957308+00
492d2c0a-6290-42ac-b570-16870d48c15e,Obtiene información del texto escrito,,sec-ing-2,1,true,2025-10-30 03:42:39.216254+00,2025-10-30 03:42:39.216254+00
4ac6bd78-7481-4f70-8088-63473f865ee5,Delibera sobre asuntos públicos,,sec-dpcc-2,4,true,2025-10-30 03:42:39.216254+00,2025-10-30 03:42:39.216254+00
4b6cd4ec-fa24-4227-bae4-77617a1da28b,"Reflexiona y evalúa la forma, el contenido y contexto del texto escrito",,pri-cast-3,4,true,2025-10-30 03:42:23.957308+00,2025-10-30 03:42:23.957308+00
4b8e8857-0528-4164-8ef8-bfae0840c192,Participa en acciones que promueven el bienestar común,,pri-ps-2,3,true,2025-10-30 03:42:23.957308+00,2025-10-30 03:42:23.957308+00
4c4d6841-662f-4b7b-a4e4-f09b3b470f5e,Comunica su comprensión sobre los números y las operaciones,,sec-mat-1,2,true,2025-10-30 03:42:39.216254+00,2025-10-30 03:42:39.216254+00
4d14e120-5b02-4120-8431-b7d9ac8db09c,"Reflexiona y evalúa la forma, el contenido y contexto del texto oral",,ini-com-1,6,true,2025-10-30 03:42:08.263279+00,2025-10-30 03:42:08.263279+00
4de75e8e-eac0-4534-9d2c-9168f4cab121,Argumenta afirmaciones sobre las relaciones numéricas y las operaciones,,pri-mat-1,4,true,2025-10-30 03:42:23.957308+00,2025-10-30 03:42:23.957308+00
4ee2f209-e192-48bc-bbf6-53906f7c885f,Evalúa y comunica el funcionamiento y los impactos de su alternativa de solución tecnológica,,sec-cyt-3,4,true,2025-10-30 03:42:39.216254+00,2025-10-30 03:42:39.216254+00
4f58bc9c-b699-4c18-9fa4-2dd0f8915f24,Construye normas y asume acuerdos y leyes,,sec-dpcc-2,2,true,2025-10-30 03:42:39.216254+00,2025-10-30 03:42:39.216254+00
5115bd22-252e-4cc1-8687-0a9168eb9d3a,"Reflexiona y evalúa la forma, el contenido y contexto del texto oral",,pri-com-1,6,true,2025-10-30 03:42:23.957308+00,2025-10-30 03:42:23.957308+00
53392a09-2f4d-47d5-b298-f9efc2b86d11,Comunica su comprensión de los conceptos estadísticos y probabilísticos,,sec-mat-4,2,true,2025-10-30 03:42:39.216254+00,2025-10-30 03:42:39.216254+00
53cca411-1b0d-4bf3-bed8-7856834a0841,"Reflexiona y evalúa la forma, el contenido y contexto del texto",,pri-ing-2,3,true,2025-10-30 03:42:23.957308+00,2025-10-30 03:42:23.957308+00
54aa8dda-5ce0-42d4-861e-064e10305524,Organiza y desarrolla las ideas de forma coherente y cohesionada,,pri-ing-3,2,true,2025-10-30 03:42:23.957308+00,2025-10-30 03:42:23.957308+00
574a8ad1-3f8e-4a83-a8e0-1306222a804f,Comprende las relaciones entre los elementos del sistema económico y financiero,,sec-cs-3,1,true,2025-10-30 03:42:39.216254+00,2025-10-30 03:42:39.216254+00
58a65aa8-0919-4add-a1cc-e3d8d7d9364c,Organiza y desarrolla las ideas de forma coherente y cohesionada,,sec-ing-3,2,true,2025-10-30 03:42:39.216254+00,2025-10-30 03:42:39.216254+00
5a97365c-4e5b-4e5e-b08b-4122d130361a,Utiliza recursos no verbales y paraverbales de forma estratégica,,pri-com-1,4,true,2025-10-30 03:42:23.957308+00,2025-10-30 03:42:23.957308+00
5b2fa2b1-e7ef-4258-896d-743a75066e17,Adecúa el texto a la situación comunicativa,,sec-com-3,1,true,2025-10-30 03:42:39.216254+00,2025-10-30 03:42:39.216254+00
5ff8e40d-b335-4f80-a33c-edda2581064d,Explora y experimenta los lenguajes del arte,,pri-com-4,1,true,2025-10-30 03:42:23.957308+00,2025-10-30 03:42:23.957308+00
61e6d23a-ce99-4b8e-b96d-4c11011ce805,Autorregula sus emociones,,ini-ps-1,2,true,2025-10-30 03:42:08.263279+00,2025-10-30 03:42:08.263279+00
627bd602-7e89-4a9d-b5e8-e5f0820207f9,Utiliza convenciones del lenguaje escrito de forma pertinente,,sec-cast-3,3,true,2025-10-30 03:42:39.216254+00,2025-10-30 03:42:39.216254+00
62a7a08e-2acf-4417-a412-7906b727959b,Actúa coherentemente en razón de su fe según los principios de su conciencia moral en situaciones concretas de la vida,,sec-er-2,2,true,2025-10-30 03:42:39.216254+00,2025-10-30 03:42:39.216254+00
6373b5f9-01fb-46c6-a8d4-e7b7dc889dd2,Obtiene información del texto escrito,,sec-cast-2,1,true,2025-10-30 03:42:39.216254+00,2025-10-30 03:42:39.216254+00
655d1300-457b-42df-b1d5-da30de7fefc8,Evalúa y comunica sus procesos y proyectos,,pri-ac-2,3,true,2025-10-30 03:42:23.957308+00,2025-10-30 03:42:23.957308+00
65929087-34cf-455c-ac85-ab0d12b8da66,Infiere e interpreta información del texto oral,,sec-cast-1,2,true,2025-10-30 03:42:39.216254+00,2025-10-30 03:42:39.216254+00
6741fc4b-90a0-4456-bff4-37ad54674cad,Utiliza recursos no verbales y paraverbales de forma,,sec-com-1,4,true,2025-10-30 03:42:39.216254+00,2025-10-30 03:42:39.216254+00
688752a2-cbbb-4bce-a1d8-b6838daee061,Organiza y desarrolla las ideas de forma coherente y cohesionada,,pri-cast-3,2,true,2025-10-30 03:42:23.957308+00,2025-10-30 03:42:23.957308+00
69342cea-b9fc-4d8c-bca0-938c550f7553,Adecúa el texto a la situación comunicativa,,pri-com-3,1,true,2025-10-30 03:42:23.957308+00,2025-10-30 03:42:23.957308+00
6a20b5ac-dc1c-4f6a-a552-7fcbbfe96624,Infiere e interpreta información de textos orales,,sec-ing-1,2,true,2025-10-30 03:42:39.216254+00,2025-10-30 03:42:39.216254+00
6a88e9a2-ca39-43b7-a135-04f781f4139f,Aplica habilidades técnicas,,sec-et-1,2,true,2025-10-30 03:42:39.216254+00,2025-10-30 03:42:39.216254+00
6b5f94e4-49a0-4d5e-9796-c142315f376b,Comprende el tiempo histórico,,sec-cs-1,2,true,2025-10-30 03:42:39.216254+00,2025-10-30 03:42:39.216254+00
6c134c14-ef05-4ed6-84ae-e8e1ebdd7e18,Representa datos con gráficos y medidas estadísticas o probabilísticas,,sec-mat-4,1,true,2025-10-30 03:42:39.216254+00,2025-10-30 03:42:39.216254+00
6c901829-2607-4998-87ad-cc2cf4b860f5,Problematiza situaciones para hacer indagación,,pri-cyt-1,1,true,2025-10-30 03:42:23.957308+00,2025-10-30 03:42:23.957308+00
6dc4bc18-eaa6-4442-b678-cf0c52f1bc60,Actúa coherentemente en razón de su fe según los principios de su conciencia moral en situaciones concretas de la vida,,pri-er-2,2,true,2025-10-30 03:42:23.957308+00,2025-10-30 03:42:23.957308+00
6e1db097-609f-4295-a1a6-d6ad705e8495,"Conoce a Dios y asume su identidad religiosa y espiritual como persona digna, libre y trascendente",,ini-ps-3,1,true,2025-10-30 03:42:08.263279+00,2025-10-30 03:42:08.263279+00
6f5953b2-ea66-4a72-bb35-0daffeabb604,Socializa sus procesos y proyectos,,pri-com-4,3,true,2025-10-30 03:42:23.957308+00,2025-10-30 03:42:23.957308+00
70fc80a4-f95b-43a8-a2bd-780df96536b3,Sustenta conclusiones o decisiones con base en la información obtenida,,sec-mat-4,4,true,2025-10-30 03:42:39.216254+00,2025-10-30 03:42:39.216254+00
719c4916-0005-4c65-bf54-eee854d496a1,Se expresa corporalmente,,ini-psico-1,2,true,2025-10-30 03:42:08.263279+00,2025-10-30 03:42:08.263279+00
723ef194-d146-48f9-ace1-68b989bb3fc4,Comprende su cuerpo,,pri-ef-1,1,true,2025-10-30 03:42:23.957308+00,2025-10-30 03:42:23.957308+00
732f726f-cc5f-460d-810a-f3f8263fc224,Comprende su cuerpo,,sec-ef-1,1,true,2025-10-30 03:42:39.216254+00,2025-10-30 03:42:39.216254+00
73a431c5-7ca1-4d90-8f3f-2ee2c38ae5e8,Cultiva y valora las manifestaciones religiosas de su entorno argumentando su fe de manera comprensible y respetuosa,,sec-er-1,2,true,2025-10-30 03:42:39.216254+00,2025-10-30 03:42:39.216254+00
73c3d501-a7e5-43b4-a9c9-a74b17772abc,Aplica procesos creativos,,pri-ac-2,2,true,2025-10-30 03:42:23.957308+00,2025-10-30 03:42:23.957308+00
75010f14-18ee-425c-966d-0080181e261e,Aplica procesos creativos,,pri-com-4,2,true,2025-10-30 03:42:23.957308+00,2025-10-30 03:42:23.957308+00
76817e9b-26a7-457f-8493-b66815d1b18d,Usa estrategias y procedimientos de estimación y cálculo,,pri-mat-1,3,true,2025-10-30 03:42:23.957308+00,2025-10-30 03:42:23.957308+00
76e0b545-dfa1-41ec-b9b9-efcf1ef940bc,Traduce datos y condiciones a expresiones algebraicas y gráficas,,sec-mat-2,1,true,2025-10-30 03:42:39.216254+00,2025-10-30 03:42:39.216254+00
78be79db-1a8f-4483-99de-3b348c3aad6d,Obtiene información del texto oral,,pri-com-1,1,true,2025-10-30 03:42:23.957308+00,2025-10-30 03:42:23.957308+00
79850346-e988-4fce-9f43-69f2cc1cf5d9,Contextualiza manifestaciones artístico-culturales,,sec-ac-1,2,true,2025-10-30 03:42:39.216254+00,2025-10-30 03:42:39.216254+00
7c20b4fc-ff04-4f8c-9ea4-b5732c2006ce,Modela objetos con formas geométricas y sus transformaciones,,sec-mat-3,1,true,2025-10-30 03:42:39.216254+00,2025-10-30 03:42:39.216254+00
7d0db58f-c1f7-4ba6-ad5e-979b9b32339c,"Reflexiona y evalúa la forma, el contenido y contexto del texto escrito",,ini-com-3,4,true,2025-10-30 03:42:08.263279+00,2025-10-30 03:42:08.263279+00
7e698362-4cde-4a31-8265-8bcde0bb371a,Traduce datos y condiciones a expresiones algebraicas y gráficas,,pri-mat-2,1,true,2025-10-30 03:42:23.957308+00,2025-10-30 03:42:23.957308+00
7ec920cc-988a-44d1-9c3f-cfd25a6f5b2b,Trabaja cooperativamente para lograr objetivos y metas,,sec-et-1,3,true,2025-10-30 03:42:39.216254+00,2025-10-30 03:42:39.216254+00
7f62db89-781f-4ff1-ac7a-f6835630e520,Se valora a sí mismo,,pri-ps-1,1,true,2025-10-30 03:42:23.957308+00,2025-10-30 03:42:23.957308+00
800a4587-518d-4840-94de-bc2e59a8dcbc,Utiliza convenciones del lenguaje escrito de forma pertinente,,pri-cast-3,3,true,2025-10-30 03:42:23.957308+00,2025-10-30 03:42:23.957308+00
80ca674c-def2-494e-b43f-28ffa8b2d06f,Interactúa estratégicamente con distintos interlocutores,,pri-com-1,5,true,2025-10-30 03:42:23.957308+00,2025-10-30 03:42:23.957308+00
81d68699-cbf4-442e-ae46-e08e22aae209,Aplica procesos creativos,,ini-com-4,2,true,2025-10-30 03:42:08.263279+00,2025-10-30 03:42:08.263279+00
834bccf0-b14f-4286-99aa-b34e7c779929,Utiliza recursos no verbales y paraverbales de forma estratégica,,pri-cast-1,4,true,2025-10-30 03:42:23.957308+00,2025-10-30 03:42:23.957308+00
8429b708-da5a-4c01-9492-002c6e3b3b0f,Explora y experimenta los lenguajes artísticos,,sec-ac-2,1,true,2025-10-30 03:42:39.216254+00,2025-10-30 03:42:39.216254+00
8682a8ba-deb3-47c0-b2d7-3a5dbdb94b0c,Infiere e interpreta información del texto escrito,,pri-ing-2,2,true,2025-10-30 03:42:23.957308+00,2025-10-30 03:42:23.957308+00
86b0782f-194e-4567-afe6-4310fce2c821,Utiliza recursos no verbales y paraverbales de forma estratégica,,sec-cast-1,4,true,2025-10-30 03:42:39.216254+00,2025-10-30 03:42:39.216254+00
8725507f-b295-4579-887c-ea3daefd9ebb,Organiza y desarrolla las ideas de forma coherente y cohesionada,,sec-com-3,2,true,2025-10-30 03:42:39.216254+00,2025-10-30 03:42:39.216254+00
876cd856-a661-4eb0-837c-cf375373295c,Comunica su comprensión sobre las formas y relaciones geométricas,,sec-mat-3,2,true,2025-10-30 03:42:39.216254+00,2025-10-30 03:42:39.216254+00
877afe32-e66a-458a-8195-5af09c04a024,Modela objetos con formas geométricas y sus transformaciones,,pri-mat-3,1,true,2025-10-30 03:42:23.957308+00,2025-10-30 03:42:23.957308+00
88de3e3b-08f7-418c-a317-13094a2bf51b,"Genera y registra datos e información: obtiene, organiza y registra datos fiables en función de las variables, utilizando instrumentos y diversas técnicas que permitan comprobar o refutar las hipótesis",,sec-cyt-1,3,true,2025-10-30 03:42:39.216254+00,2025-10-30 03:42:39.216254+00
8a2845b4-9ae1-477b-9f7b-cf8c17301eff,Evalúa y comunica el proceso y resultado de su indagación,,ini-cyt-1,5,true,2025-10-30 03:42:08.263279+00,2025-10-30 03:42:08.263279+00
8bc71a20-37a7-4103-bbed-4d001eb15f7b,Diseña la alternativa de solución tecnológica,,pri-cyt-3,2,true,2025-10-30 03:42:23.957308+00,2025-10-30 03:42:23.957308+00
8bf24720-00e1-4488-978a-d37c0fe73858,Incorpora prácticas que mejoran su calidad de vida,,sec-ef-2,2,true,2025-10-30 03:42:39.216254+00,2025-10-30 03:42:39.216254+00
8df98e7a-0f0f-438f-ac58-801858b8ccf9,Sustenta conclusiones o decisiones con base en la información obtenida,,pri-mat-4,4,true,2025-10-30 03:42:23.957308+00,2025-10-30 03:42:23.957308+00
8e2ea1f2-d742-4d14-bc08-8edb209a4676,Vive su sexualidad de manera integral y responsable de acuerdo a su etapa de desarrollo y madurez,,sec-dpcc-1,4,true,2025-10-30 03:42:39.216254+00,2025-10-30 03:42:39.216254+00
8eb0c593-bcea-46e8-b4cf-2ef00c73ca3a,Usa estrategias y procedimientos para encontrar equivalencias y reglas generales,,pri-mat-2,3,true,2025-10-30 03:42:23.957308+00,2025-10-30 03:42:23.957308+00
9038c3b7-7bde-4dc3-bb67-6d3bc5b354fa,"Adecúa, organiza y desarrolla las ideas de forma coherente y cohesionada",,sec-ing-1,3,true,2025-10-30 03:42:39.216254+00,2025-10-30 03:42:39.216254+00
90f9b331-4894-4bcc-a29f-bed104da5b48,"Construye normas, y asume acuerdos y leyes",,pri-ps-2,2,true,2025-10-30 03:42:23.957308+00,2025-10-30 03:42:23.957308+00
9173a0fd-2b26-4553-b3ef-c92da2446265,Cultiva y valora las manifestaciones religiosas de su entorno argumentando su fe de manera comprensible y respetuosa,,pri-er-1,2,true,2025-10-30 03:42:23.957308+00,2025-10-30 03:42:23.957308+00
9187dbb3-0e68-4694-8241-2f82160b53d4,Reflexiona creativa y críticamente sobre manifestaciones artístico-culturales,,pri-ac-1,3,true,2025-10-30 03:42:23.957308+00,2025-10-30 03:42:23.957308+00
92653830-e117-447a-9342-7d37045c00cc,Infiere e interpreta información del texto,,sec-com-2,2,true,2025-10-30 03:42:39.216254+00,2025-10-30 03:42:39.216254+00
93932b33-8888-4337-8f54-abd7bc5a4194,Explora y experimenta los lenguajes del arte,,pri-ac-2,1,true,2025-10-30 03:42:23.957308+00,2025-10-30 03:42:23.957308+00
9509fe64-e462-4aec-b8b5-36415d0f715a,Se relaciona utilizando sus habilidades sociomotrices,,sec-ef-3,1,true,2025-10-30 03:42:39.216254+00,2025-10-30 03:42:39.216254+00
957354c4-e3ea-46f7-aae7-b41193e990f6,Comprende las relaciones entre los elementos naturales y sociales,,sec-cs-2,1,true,2025-10-30 03:42:39.216254+00,2025-10-30 03:42:39.216254+00
9791811c-b3de-4ad9-b2d7-cd6a711f4b18,Interactúa estratégicamente con distintos interlocutores,,sec-cast-1,5,true,2025-10-30 03:42:39.216254+00,2025-10-30 03:42:39.216254+00
9a50c4e0-e64d-48c5-8cbf-5dd66f8f453f,Crea y aplica estrategias y tácticas de juego,,sec-ef-3,2,true,2025-10-30 03:42:39.216254+00,2025-10-30 03:42:39.216254+00
9abda3b9-cfee-4b33-bedb-fadf3df3403f,Adecúa el texto a la situación comunicativa,,sec-cast-3,1,true,2025-10-30 03:42:39.216254+00,2025-10-30 03:42:39.216254+00
9c1c8657-ddc7-4a3d-b038-228a242da70c,"Adecúa, organiza y desarrolla las ideas de forma coherente y cohesionada",,pri-ing-1,3,true,2025-10-30 03:42:23.957308+00,2025-10-30 03:42:23.957308+00
9f5f8a54-c6f2-4a72-b8fc-ae133fd5b62e,Argumenta afirmaciones sobre relaciones geométricas,,sec-mat-3,4,true,2025-10-30 03:42:39.216254+00,2025-10-30 03:42:39.216254+00
a355953c-18cf-4aed-b3b9-be6e921b2187,Organiza y desarrolla las ideas de forma coherente y cohesionada,,sec-cast-3,2,true,2025-10-30 03:42:39.216254+00,2025-10-30 03:42:39.216254+00
a43edad8-b7d1-4945-8001-5a325d3c5a40,Obtiene información del texto oral,,pri-cast-1,1,true,2025-10-30 03:42:23.957308+00,2025-10-30 03:42:23.957308+00
a4c387e8-176d-44be-9655-644c80e1b3c9,Obtiene información del texto oral,,ini-com-1,1,true,2025-10-30 03:42:08.263279+00,2025-10-30 03:42:08.263279+00
a69d898b-2972-4891-af53-e100dde2aff8,Se relaciona utilizando sus habilidades sociomotrices,,pri-ef-3,1,true,2025-10-30 03:42:23.957308+00,2025-10-30 03:42:23.957308+00
a7899e7b-8849-424c-92fd-8563c5049950,Maneja fuentes de información para comprender el espacio geográfico y el ambiente,,sec-cs-2,2,true,2025-10-30 03:42:39.216254+00,2025-10-30 03:42:39.216254+00
a817bbc3-9e56-4603-881a-7d32d9ebdcc0,Comunica su comprensión sobre las relaciones algebraicas,,sec-mat-2,2,true,2025-10-30 03:42:39.216254+00,2025-10-30 03:42:39.216254+00
a90f1666-d145-48e9-8f6a-0bf8803f96a4,Interactúa en entornos virtuales,,ct-tic,3,true,2025-10-30 03:42:56.202508+00,2025-10-30 03:42:56.202508+00
a97fb126-6562-4236-9810-dec2a7a8e3af,Infiere e interpreta información del texto oral,,sec-com-1,2,true,2025-10-30 03:42:39.216254+00,2025-10-30 03:42:39.216254+00
a9961fc2-b115-4631-b92e-7c1fed1bd4ba,Gestiona información del entorno virtual,,ct-tic,2,true,2025-10-30 03:42:56.202508+00,2025-10-30 03:42:56.202508+00
ab0cfc20-c9e6-4141-bc55-24942176a887,Genera y registra datos o información,,ini-cyt-1,3,true,2025-10-30 03:42:08.263279+00,2025-10-30 03:42:08.263279+00
abcbd23f-5330-4f0e-b51b-10b8c2e8c3cc,Utiliza convenciones del lenguaje escrito de forma pertinente,,pri-ing-3,3,true,2025-10-30 03:42:23.957308+00,2025-10-30 03:42:23.957308+00
ac982f64-a9f5-4505-ba73-d974c889787c,Implementa y valida la alternativa de solución tecnológica,,sec-cyt-3,3,true,2025-10-30 03:42:39.216254+00,2025-10-30 03:42:39.216254+00
ad91cbbb-8e64-4403-a789-9bda93c83ef7,Explora y experimenta los lenguajes del arte,,ini-com-4,1,true,2025-10-30 03:42:08.263279+00,2025-10-30 03:42:08.263279+00
af953310-d75b-4ae1-b7fd-9f1878db5746,Evalúa y comunica el proceso y resultados de su indagación,,pri-cyt-1,5,true,2025-10-30 03:42:23.957308+00,2025-10-30 03:42:23.957308+00
b126cc67-cbf8-41a3-b859-f0a7c5995c1a,Comunica su comprensión sobre las formas y relaciones geométricas,,pri-mat-3,2,true,2025-10-30 03:42:23.957308+00,2025-10-30 03:42:23.957308+00
b4315682-16b4-4b01-bf60-db08d6a8b3ac,Infiere e interpreta información de textos orales,,pri-ing-1,2,true,2025-10-30 03:42:23.957308+00,2025-10-30 03:42:23.957308+00
b4e1e08a-01a7-4e48-ad58-8275f8a753f9,Usa estrategias y procedimientos de estimación y cálculo,,sec-mat-1,3,true,2025-10-30 03:42:39.216254+00,2025-10-30 03:42:39.216254+00
b50e876c-1dee-4390-b723-8eff87239509,Participa en acciones que promueven el bienestar común,,sec-dpcc-2,5,true,2025-10-30 03:42:39.216254+00,2025-10-30 03:42:39.216254+00
b684430c-5542-43ed-8d69-3945082221e4,Interpreta críticamente fuentes diversas,,sec-cs-1,1,true,2025-10-30 03:42:39.216254+00,2025-10-30 03:42:39.216254+00
b7c03a22-3887-4650-879f-aa67f0d522b4,Infiere e interpreta información del texto oral,,pri-cast-1,2,true,2025-10-30 03:42:23.957308+00,2025-10-30 03:42:23.957308+00
b8e8ea23-bf07-42c4-b822-b735557a0572,"Analiza datos e información: interpreta los datos obtenidos en la indagación, contrastarlos con las hipótesis e información relacionada al problema para elaborar conclusiones que comprueban o refutan las hipótesis",,sec-cyt-1,4,true,2025-10-30 03:42:39.216254+00,2025-10-30 03:42:39.216254+00
bd340179-cac1-4b4a-8def-ccdf545a10ba,Obtiene información del texto escrito,,pri-cast-2,1,true,2025-10-30 03:42:23.957308+00,2025-10-30 03:42:23.957308+00
be67afd1-1ae8-42b6-9309-c66a33e3b45e,Comunica su comprensión sobre las formas y relaciones geométricas,,ini-mat-2,2,true,2025-10-30 03:42:08.263279+00,2025-10-30 03:42:08.263279+00
c0cf06b5-54ca-4841-a7b5-9fe9879ebb20,"Reflexiona y evalúa la forma, el contenido y contexto del texto oral",,pri-cast-1,6,true,2025-10-30 03:42:23.957308+00,2025-10-30 03:42:23.957308+00
c16a3c97-ccfd-4c95-9eb8-eaeaeaed00e3,Comunica su comprensión sobre las relaciones algebraicas,,pri-mat-2,2,true,2025-10-30 03:42:23.957308+00,2025-10-30 03:42:23.957308+00
c1d2b46b-d62a-4ebc-b71c-e0a678c62f66,Reflexiona creativa y críticamente sobre manifestaciones artístico-culturales,,sec-ac-1,3,true,2025-10-30 03:42:39.216254+00,2025-10-30 03:42:39.216254+00
c1ff1499-3325-4eea-9c51-b6a9e5e13c54,Infiere e interpreta información del texto escrito,,pri-com-2,2,true,2025-10-30 03:42:23.957308+00,2025-10-30 03:42:23.957308+00
c372af40-254c-474f-b521-3ca9cbbb6cc9,Argumenta afirmaciones sobre las relaciones geométricas,,pri-mat-3,4,true,2025-10-30 03:42:23.957308+00,2025-10-30 03:42:23.957308+00
c4a8a7ee-7f55-4a97-9c93-9fa07068de48,Obtiene información del texto escrito,,sec-com-2,1,true,2025-10-30 03:42:39.216254+00,2025-10-30 03:42:39.216254+00
c4ab742f-154f-4682-b4a0-90190f2d1048,Obtiene información de textos orales,,sec-ing-1,1,true,2025-10-30 03:42:39.216254+00,2025-10-30 03:42:39.216254+00
c6234833-8182-4b69-b932-e39630084993,"Reflexiona y evalúa la forma, el contenido y contexto del texto escrito",,sec-cast-3,4,true,2025-10-30 03:42:39.216254+00,2025-10-30 03:42:39.216254+00
c749295b-4e71-432f-ac83-f98748511be9,Interactúa estratégicamente con distintos interlocutores,,pri-cast-1,5,true,2025-10-30 03:42:23.957308+00,2025-10-30 03:42:23.957308+00
c7bd5f65-7d42-4299-b3da-3331dcdac709,Utiliza convenciones del lenguaje escrito de forma pertinente,,sec-com-3,3,true,2025-10-30 03:42:39.216254+00,2025-10-30 03:42:39.216254+00
c82ef098-4db7-4fb1-a963-117f46b95e7e,Organiza y desarrolla las ideas de forma coherente y cohesionada,,ini-com-3,2,true,2025-10-30 03:42:08.263279+00,2025-10-30 03:42:08.263279+00
c84d2bdd-9fb7-42f5-bd91-39fd387d12cf,"Adecúa, organiza y desarrolla las ideas de forma coherente y cohesionada",,sec-com-1,3,true,2025-10-30 03:42:39.216254+00,2025-10-30 03:42:39.216254+00
c97770d3-2c20-4c26-bb1f-1566d0e462f6,Comunica su comprensión sobre los números y las operaciones,,ini-mat-1,2,true,2025-10-30 03:42:08.263279+00,2025-10-30 03:42:08.263279+00
c9838652-c699-4d19-9033-a39585b6741b,Argumenta afirmaciones sobre relaciones de cambio y equivalencia,,pri-mat-2,4,true,2025-10-30 03:42:23.957308+00,2025-10-30 03:42:23.957308+00
ca0ed938-cc3e-4d7a-af2f-cb6e84b3012f,Organiza acciones estratégicas para alcanzar sus metas de aprendizaje,,ct-aprendizaje,2,true,2025-10-30 03:42:56.202508+00,2025-10-30 03:42:56.202508+00
caf9fa26-f958-4ddc-bd05-e72455357709,Obtiene información del texto oral,,sec-com-1,1,true,2025-10-30 03:42:39.216254+00,2025-10-30 03:42:39.216254+00
cbd84ec8-469c-47cb-952b-6ad17c2e7ed5,"Reflexiona y evalúa la forma, el contenido y contexto del texto escrito",,pri-com-2,3,true,2025-10-30 03:42:23.957308+00,2025-10-30 03:42:23.957308+00
cd58c3d7-4aae-4813-877d-ba5f0b33cba0,Socializa sus procesos y proyectos,,ini-com-4,3,true,2025-10-30 03:42:08.263279+00,2025-10-30 03:42:08.263279+00
ce23bba0-9a3c-4dd5-8963-649bbb2c50ba,Infiere e interpreta información del texto escrito,,pri-cast-2,2,true,2025-10-30 03:42:23.957308+00,2025-10-30 03:42:23.957308+00
cf582549-6f2e-49f0-a0da-37241f7be219,Crea objetos virtuales en diversos formatos,,ct-tic,4,true,2025-10-30 03:42:56.202508+00,2025-10-30 03:42:56.202508+00
cfbe2dff-740f-4387-bae1-c9ba9302a47d,Infiere e interpreta información del texto oral,,pri-com-1,2,true,2025-10-30 03:42:23.957308+00,2025-10-30 03:42:23.957308+00
d1018400-dd33-4b7f-9ec4-5124ef379f18,Adecúa el texto a la situación comunicativa,,ini-com-3,1,true,2025-10-30 03:42:08.263279+00,2025-10-30 03:42:08.263279+00
d30603eb-27cd-4bed-a9f2-65109410704a,Utiliza convenciones del lenguaje escrito de forma pertinente,,pri-com-3,3,true,2025-10-30 03:42:23.957308+00,2025-10-30 03:42:23.957308+00
d567db46-a076-4871-b6d5-0a68e0dd9dd4,Comprende su cuerpo,,ini-psico-1,1,true,2025-10-30 03:42:08.263279+00,2025-10-30 03:42:08.263279+00
d690732c-a897-42e7-8cf8-60b15be4d402,Usa estrategias y procedimientos para orientarse en el espacio,,pri-mat-3,3,true,2025-10-30 03:42:23.957308+00,2025-10-30 03:42:23.957308+00
d72cb222-6df2-4098-bac8-185a968cf91a,"Adecúa, organiza y desarrolla las ideas de forma coherente y cohesionada",,sec-cast-1,3,true,2025-10-30 03:42:39.216254+00,2025-10-30 03:42:39.216254+00
d7e56f52-1399-43ea-b137-1e3e4b33f266,Diseña estrategias para hacer indagación,,ini-cyt-1,2,true,2025-10-30 03:42:08.263279+00,2025-10-30 03:42:08.263279+00
d8010766-ce19-47a9-a20e-271784531581,"Reflexiona y evalúa la forma, el contenido y contexto del texto escrito",,pri-ing-3,4,true,2025-10-30 03:42:23.957308+00,2025-10-30 03:42:23.957308+00
d8280903-9d8c-4411-a46d-0592194325f9,Interactúa estratégicamente con distintos interlocutores,,ini-com-1,5,true,2025-10-30 03:42:08.263279+00,2025-10-30 03:42:08.263279+00
d875abf6-5494-4fb8-a470-c60f2c0cc4bb,Infiere e interpreta información del texto escrito,,sec-cast-2,2,true,2025-10-30 03:42:39.216254+00,2025-10-30 03:42:39.216254+00
d8af6f8f-4e8b-42a5-af6d-3f621cecb4a3,"Problematiza situaciones para hacer indagación: plantea preguntas sobre hechos y fenómenos naturales, interpreta situaciones y formula hipótesis",,sec-cyt-1,1,true,2025-10-30 03:42:39.216254+00,2025-10-30 03:42:39.216254+00
d9813799-5972-418c-8896-5fa67a1b0563,"Comprende y usa conocimientos sobre los seres vivos, materia y energía, biodiversidad, Tierra y universo",,sec-cyt-2,1,true,2025-10-30 03:42:39.216254+00,2025-10-30 03:42:39.216254+00
dcb505c6-95b9-4b6e-915e-c9c7469eaf64,Define metas de aprendizaje,,ct-aprendizaje,1,true,2025-10-30 03:42:56.202508+00,2025-10-30 03:42:56.202508+00
de1c1edd-fa76-49f9-9012-5f197f5a70cb,Autorregula sus emociones,,pri-ps-1,2,true,2025-10-30 03:42:23.957308+00,2025-10-30 03:42:23.957308+00
df1b2be7-be67-47cc-ab91-bd1d8eff7557,Reflexiona y argumenta éticamente,,sec-dpcc-1,3,true,2025-10-30 03:42:39.216254+00,2025-10-30 03:42:39.216254+00
df3aaeb9-a243-4d71-ad38-1985682c7129,Toma decisiones económicas y financieras,,sec-cs-3,2,true,2025-10-30 03:42:39.216254+00,2025-10-30 03:42:39.216254+00
dfc4c716-492e-46de-8bda-d3b1f2e9cc0e,"Comprende y usa conocimientos sobre los seres vivos, materia y energía, biodiversidad, Tierra y universo",,pri-cyt-2,1,true,2025-10-30 03:42:23.957308+00,2025-10-30 03:42:23.957308+00
e1165d59-906f-4025-b9f6-28e815c67d69,"Comprende las relaciones entre la actividad física, alimentación, postura e higiene personal y del ambiente, y la salud",,sec-ef-2,1,true,2025-10-30 03:42:39.216254+00,2025-10-30 03:42:39.216254+00
e2b9156b-0b3d-421a-98d1-cb1ee2f001f1,Reflexiona y evalúa la forma,,sec-ing-3,4,true,2025-10-30 03:42:39.216254+00,2025-10-30 03:42:39.216254+00
e2cd3b58-5178-428d-ad83-b4cfc6baeaa5,Contextualiza manifestaciones artístico-culturales,,pri-ac-1,2,true,2025-10-30 03:42:23.957308+00,2025-10-30 03:42:23.957308+00
e2e1872f-5372-4863-8586-65bb167bcfce,Evalúa las implicancias del saber y del quehacer científico y tecnológico,,sec-cyt-2,2,true,2025-10-30 03:42:39.216254+00,2025-10-30 03:42:39.216254+00
e36aa2f3-aa6c-43e7-a008-102f80ddc229,"Adecúa, organiza y desarrolla las ideas de forma coherente y cohesionada",,pri-cast-1,3,true,2025-10-30 03:42:23.957308+00,2025-10-30 03:42:23.957308+00
e4121cd4-6b64-40f6-a8e0-406d2ca7fdc2,"Adecúa, organiza y desarrolla el texto de forma coherente y cohesionada",,ini-com-1,3,true,2025-10-30 03:42:08.263279+00,2025-10-30 03:42:08.263279+00
e72b0adf-13b1-4635-8122-7ff2b001466e,Traduce cantidades a expresiones numéricas,,sec-mat-1,1,true,2025-10-30 03:42:39.216254+00,2025-10-30 03:42:39.216254+00
eb2aff79-cecf-4f20-a2a0-fb3c7627052c,"Reflexiona y evalúa la forma, el contenido y contexto del texto escrito",,ini-com-2,3,true,2025-10-30 03:42:08.263279+00,2025-10-30 03:42:08.263279+00
ebb7617e-e323-4a50-a03d-26a645e3e0c7,"Diseña estrategias para hacer indagación: propone actividades que permitan construir un procedimiento; seleccionar materiales, instrumentos e información para comprobar o refutar las hipótesis",,sec-cyt-1,2,true,2025-10-30 03:42:39.216254+00,2025-10-30 03:42:39.216254+00
edb5ec0b-47d2-4aef-a380-4697d144a304,Usa estrategias y procedimientos de estimación y cálculo,,ini-mat-1,3,true,2025-10-30 03:42:08.263279+00,2025-10-30 03:42:08.263279+00
ee4e6b05-e127-4f36-947d-1a56a831c543,Problematiza situaciones para hacer indagación,,ini-cyt-1,1,true,2025-10-30 03:42:08.263279+00,2025-10-30 03:42:08.263279+00
ee55d25e-1b60-4654-8162-e20beffa7db8,Monitorea y ajusta su desempeño durante el proceso de aprendizaje,,ct-aprendizaje,3,true,2025-10-30 03:42:56.202508+00,2025-10-30 03:42:56.202508+00
eff9f879-7738-4423-bbdc-c6b65a5fb933,Maneja conflictos de manera constructiva,,sec-dpcc-2,3,true,2025-10-30 03:42:39.216254+00,2025-10-30 03:42:39.216254+00
f38f9295-752a-4398-b3d8-a33654811e98,Obtiene información de textos orales,,pri-ing-1,1,true,2025-10-30 03:42:23.957308+00,2025-10-30 03:42:23.957308+00
f3aab0ab-f87d-4606-88fb-5c6c6817c379,"Reflexiona y evalúa la forma, el contenido y contexto del texto escrito",,sec-com-3,4,true,2025-10-30 03:42:39.216254+00,2025-10-30 03:42:39.216254+00
f4dc7579-c8ef-43d5-a2b1-b2f0c1b6e11e,Analiza datos e información,,pri-cyt-1,4,true,2025-10-30 03:42:23.957308+00,2025-10-30 03:42:23.957308+00
f4e11d66-7a6c-4899-9e1a-d5ec2f103125,Transforma su entorno desde el encuentro personal y comunitario con Dios y desde la fe que profesa,,sec-er-2,1,true,2025-10-30 03:42:39.216254+00,2025-10-30 03:42:39.216254+00
f665cecd-2e86-43d3-bc7e-f94fac6d4020,Traduce cantidades a expresiones numéricas,,ini-mat-1,1,true,2025-10-30 03:42:08.263279+00,2025-10-30 03:42:08.263279+00
f89d80da-35b0-4b2a-9b0b-5866efbb525d,Percibe manifestaciones artístico-culturales,,sec-ac-1,1,true,2025-10-30 03:42:39.216254+00,2025-10-30 03:42:39.216254+00
f945a963-4be2-4df5-8fd9-b80ef4d37b1a,Infiere e interpreta información del texto escrito,,ini-com-2,2,true,2025-10-30 03:42:08.263279+00,2025-10-30 03:42:08.263279+00
f955621b-87be-4830-9e09-a42c4847c54e,Elabora explicaciones sobre procesos históricos,,sec-cs-1,3,true,2025-10-30 03:42:39.216254+00,2025-10-30 03:42:39.216254+00
fa25d394-0640-496d-b967-c491d90ffc0a,Usa estrategias y procedimientos para encontrar equivalencias y reglas generales,,sec-mat-2,3,true,2025-10-30 03:42:39.216254+00,2025-10-30 03:42:39.216254+00
ffb08bd8-77a8-4351-a48e-1ea18766d1f9,Evalúa los resultados del proyecto de emprendimiento,,sec-et-1,4,true,2025-10-30 03:42:39.216254+00,2025-10-30 03:42:39.216254+00
ffb745f0-a55c-4be2-a48d-67642f606579,Adecúa el texto a la situación comunicativa,,pri-ing-3,1,true,2025-10-30 03:42:23.957308+00,2025-10-30 03:42:23.957308+00